url,images,description,title
http://stlouis.craigslist.org/ppd/3826574157.html,,"
		Top Mount Refrigerators On Sale starting at $150  ","
  "
http://stlouis.craigslist.org/ppd/3796269087.html,,"
		#call#+++++or text @#314-614-7434#$.699.-$979..   SAME ONES AT BEST BUY!!!!$1299.-$2598.----YOU DO THE MATH$$$$$
	","
  "
http://stlouis.craigslist.org/ppd/3811506115.html,,"
		314-614-7434..text or call best deals in Saint Louis and Saint Charles..314-440-8519%$$$$$699. S!!AND UP!WAY CHEAPER THEN THE BIG STORE
	","
  "
http://stlouis.craigslist.org/ppd/3821999289.html,,"
		SCRATCH & DENTS ,$599 (Quality ,Top Rated,Appliances,&,YOU,$AVE)","
  "
http://stlouis.craigslist.org/ppd/3768490603.html,,"
		WE HAVE USED FRIDGE STARTING AT ","
  "
http://stlouis.craigslist.org/ppd/3826479383.html,,"
		Top Mount Refrigerators On Sale starting at $150  ","
  "
http://stlouis.craigslist.org/ppd/3769167595.html,,"
		WE ARE NEEDING SOMEONE WHO KNOWS HOW TO USE A COMPUTER EFFICIENTLY.","
  "
http://stlouis.craigslist.org/ppd/3811407143.html,,"
		Call or Text at 314-612-0032 for appointments.   fridges  New $749-$1100.  Diswasher  s$ 249.-and up! $399.New is half price of anybody box store
	","
  "
http://stlouis.craigslist.org/ppd/3789009182.html,,"
		Happy's has Washer & Dryer sets starting at only $200","
  "
http://stlouis.craigslist.org/ppd/3811967075.html,,"
		No membership needed to get great deals on half price appliances top name brand LG Samsung GE 314-612-0032 Used appliances 99 dollars in up! Brand new scratching  and carton damage Damages not noticeable! But 50 percent of the price If you like to save tons of money definitely check us out!
	","
  "
http://stlouis.craigslist.org/ppd/3826483460.html,,"
		314-614-7434","
  "
http://stlouis.craigslist.org/ppd/3826481269.html,,"
		Side by Side Refrigerators On Sale starting at $200  ","
  "
http://stlouis.craigslist.org/ppd/3768483697.html,,"
		WE HAVE 7 FILE CABINETS. THEY HAVE 4 DRAWERS IN EACH. THEY ARE FOR SALE AT THE LOCATION BELOW.","
  "
http://stlouis.craigslist.org/ppd/3793288128.html,,"
		#call#+++314-612-0032++or text @#314-614-7434#starting price on refrigerators$.699.-$979.these prices are insane .   SAME ONES AT BEST BUY!!!!$1299.-$2598.----YOU DO THE MATH$$$$$
	","
  "
http://stlouis.craigslist.org/ppd/3789857449.html,,"
		Happy's has Washer & Dryer sets starting at just $200 ","
  "
http://stlouis.craigslist.org/ppd/3826485339.html,,"
		314-614-7434","
  "
http://stlouis.craigslist.org/ppd/3826464740.html,,"
		Washers-Dryers Sets On Sale starting at $250  ","
  "
http://stlouis.craigslist.org/ppd/3826464973.html,,"
		Gas Ranges On Sale starting at $125  ","
  "
http://stlouis.craigslist.org/ppd/3822013105.html,,"
		Everything that's Stainless Must Go  Today !!!We are Cuttin -Prices ,,,on All Stainless,,Refrigerators ","
  "
http://stlouis.craigslist.org/ppd/3796478522.html,,"
		!!WHITE SAMSUNG   NEW ON SALE WITH US STARTING AT $699. AND UP@..314-612-0032 314-614-7434
	","
  "
http://stlouis.craigslist.org/ppd/3807064812.html,,"
		No membership needed to get great deals on half price appliances top name brand LG Samsung GE 314-612-0032 Used appliances 99 dollars in up! Brand new scratching  and carton damage Damages not noticeable! But 50 percent of the price If you like to save tons of money definitely check us out!
	","
  "
http://stlouis.craigslist.org/ppd/3796267120.html,,"
		No membership needed to get great deals on half price appliances top name brand LG Samsung GE 314-612-0032 Used appliances 99 dollars in up! Brand new scratching  and carton damage Damages not noticeable! But 50 percent of the price If you like to save tons of money definitely check us out!
	","
  "
http://stlouis.craigslist.org/ppd/3826471107.html,,"
		WE CARRY ONLY THE TOP BRAND NAMES,,SUCH AS ,SAMSUNG , WHIRLPOOL AND ELECTROLUX ,,,AND AS ALWAYS BRAND NEW,,SMOOTH****TOP****RANGES**ONLY ***$675.00 ******GAS***RANGES****LIST *****IN *** STORES ***FOR***$1,495.00***our****price****is******$950.00 ****REFRIGERATORS ALL NEW STYLES & MODELS STARTING AT $799.00 AND UP !!!!AND WE DO OFFER GREAT LOW PRICES ON SELECT KITCHEN PACKAGES,,,,SO COME TAKE A LOOK >>>>AND SAVE BIG,,,CALL US AT OR 314-614-7434 WE DO OFFER DELIVERY !!!","
  "
http://stlouis.craigslist.org/ppd/3798991765.html,,"
		We Carry Only Top Quality Appliances @ The Very Lowest Prices Around .","
  "
http://stlouis.craigslist.org/ppd/3768471323.html,,"
$$LOOKING TO BUY APPLIANCES $$ (FROM OWNER OR DEALER )","
  "
http://stlouis.craigslist.org/ppd/3791087553.html,,"
		In  Stainless  white  and  Black  ,,LED Lights  ,,Loaded with Features ","
  "
http://stlouis.craigslist.org/ppd/3796653660.html,,"
		314-612-0032.  314-614-7434  half price appliance sale must seeSTOVES    FRIDGES  $$699.-$999.-$1199.......HALF PRICE OF STORES!!!!!!!!!!!!!!!!!!!!!!!!!!!!!!!!!!!!!!!!!
	","
  "
http://stlouis.craigslist.org/ppd/3768465114.html,,"
		WE HAVE USED WASHERS, DRYERS, & RANGES STARTING AT ","
  "
http://stlouis.craigslist.org/ppd/3810767504.html,,"
		Let's see half price appliances with the warranty can deliver no brainer!!! cut out the middleman this is a full warehouse wholesale deal! dealers welcome by direct Samsung appliances St Charles  oFallon St Peter St Louis Wildwood Clayton best of the best for Missouri in the Midwest!314-612-0032 washer front loaders and t! top of the line refrigerator starting at $699 side by side and 3 door French doors super deals and up! top loaders high efficiency starting at 399 and up stuff.org dishwasher you name it we have it all microwave above the range!
	","
  "
http://stlouis.craigslist.org/ppd/3768460683.html,,"
		WE HAVE USED WASHERS, DRYERS, & RANGES STARTING AT ","
  "
http://stlouis.craigslist.org/ppd/3784719658.html,,"
		we have over a hundred refrigerators on display all makes all models all colors come and see 50 percent off of retail the big box stores starting at $699 and up314-612-0032!!
	","
  "
http://stlouis.craigslist.org/ppd/3797288893.html,,"
		314-612-0032   Or.  667-5661  $499.-$665.STOVESand up!    FRIDGES  $$699.-$999.-$1199.......HALF PRICE OF STORES!!!!!!!!!!!!!!!!!!!!!!!!!!!!!!!!!!!!!!!!!
	","
  "
http://stlouis.craigslist.org/ppd/3768452372.html,,"
		WE HAVE USED WASHERS, DRYERS, & RANGES STARTING AT ","
  "
http://stlouis.craigslist.org/ppd/3768425297.html,,"
		****FREE APPLIANCE HAULING***** (St. Louis, St. Charles &Lincoln Counties) ","
  "
http://stlouis.craigslist.org/ppd/3777952579.html,,"
		Happy's has washer & dryer sets starting at $200 and SxS refrigerators starting at $300","
  "
http://stlouis.craigslist.org/ppd/3826496549.html,,"
		Top Mount Refrigerators On Sale starting at $150  ","
  "
http://stlouis.craigslist.org/ppd/3789858405.html,,"
		Happy's has Washers, Dryers, Stoves, and Refrigerators all starting at just $100","
  "
http://stlouis.craigslist.org/ppd/3788250029.html,,"
		We have washer & dryer sets starting at $200 ","
  "
http://stlouis.craigslist.org/ppd/3788248792.html,,"
		Happy's has clean name brand Washer & Dryer sets starting at only $200 and SxS refrigerators starting at just $300","
  "
http://stlouis.craigslist.org/ppd/3814030888.html,,"
		Happy's has Washers, Dryers ,Stoves, and Refrigerators all starting at just $100 ","
  "
http://stlouis.craigslist.org/ppd/3811837637.html,,"
		314-614-7434.    Or.  667-5661  $499.-$665.STOVESand up!    FRIDGES  $$699.-$999.-$1199.......HALF PRICE OF STORES!!!!!!!!!!!!!!!!!!!!!!!!!!!!!!!!!!!!!!!!!
	","
  "
http://stlouis.craigslist.org/ppd/3811561880.html,,"
		$1 save a buck!used refrigerators starting at 199 .......And new Frigidaire starting at 399 up!WHITE SAMSUNG   NEW ON SALE WITH US STARTING AT $699. AND UP@..314-612-0032 314-614-7434
	","
  "
http://stlouis.craigslist.org/ppd/3796482696.html,,"
		314-612-0032   Or.  667-5661  $499.-$665.STOVESand up!    FRIDGES  $$699.-$999.-$1199.......HALF PRICE OF STORES!!!!!!!!!!!!!!!!!!!!!!!!!!!!!!!!!!!!!!!!!
	","
  "
http://stlouis.craigslist.org/ppd/3807060781.html,,"
		314-614-7434..text or call best deals in Saint Louis and Saint Charles..314-440-8519%$$$$$699. S!!AND UP!WAY CHEAPER THEN THE BIG STORE
	","
  "
http://stlouis.craigslist.org/ppd/3826497857.html,,"
		Washers-Dryers-Refrigerators-Stoves On Sale starting at $150  ","
  "
http://stlouis.craigslist.org/ppd/3811337637.html,,"
		No membership needed to get great deals on half price appliances top name brand LG Samsung GE 314-612-0032 Used appliances 99 dollars in up! Brand new scratching  and carton damage Damages not noticeable! But 50 percent of the price If you like to save tons of money definitely check us out!
	","
  "
http://stlouis.craigslist.org/ppd/3766410735.html,,"
		Stainless Steel Prep Table with hand washing station. ","
  "
http://stlouis.craigslist.org/ppd/3826511429.html,,"
		Electric Ranges Smooth and Coil Top On Sale starting at $125  ","
  "
http://stlouis.craigslist.org/ppd/3811931301.html,,"
		No membership needed to get great deals on half price appliances top name brand LG Samsung GE 314-612-0032 Used appliances 99 dollars in up! Brand new scratching  and carton damage Damages not noticeable! But 50 percent of the price If you like to save tons of money definitely check us out!
	","
  "
http://stlouis.craigslist.org/ppd/3814031724.html,,"
		Happy's has Washers, Dryers, Stoves, and Refrigerators all starting at just $100","
  "
http://stlouis.craigslist.org/ppd/3813671940.html,,"
		$649.-$1100.Tons of side by side 3 d or french doors for doors for half price of the big box stores**text or call314-614-7434
	","
  "
http://stlouis.craigslist.org/ppd/3796523826.html,,"
		Happy's has Washers, Dryers, Stoves, and Refrigerators all starting at only $100","
  "
http://stlouis.craigslist.org/ppd/3826515742.html,,"
		Washers-Dryers Sets On Sale starting at $250  ","
  "
http://stlouis.craigslist.org/ppd/3811707285.html,,"
		No membership needed to get great deals on half price appliances top name brand LG Samsung GE 314-614-7434 or 314-612-0032 Used appliances 99 dollars in up! Brand new scratching  and carton damage Damages not noticeable! But 50 percent of the price If you like to save tons of money definitely check us out!
	","
  "
http://stlouis.craigslist.org/ppd/3807677874.html,,"
		SAVE A BUCK$$FRIDGES$$$699-$$1199$$$$$314-612-0032 text or call! Steve
	","
  "
http://stlouis.craigslist.org/ppd/3811709375.html,,"
		314  614-7434****    314-667-5661   ********    text or call~~*******314-440-8519~~WHY PAY MORE AT BIG STORE's     BUY WHOLESALE  WARE HOUSE!!!!SAVE!!!BIG TIME!!!BEST BUY**HOME DEPO  SEARS  ***WE BLOW THEM A WAY***50%% 75%%%OFF ALL BIG GUYS!!!            SAVE A BUCK $1    OUR PRICES!!~~~GET A FRIDGE FOR $597=====$1100.                                                                                                                     SAME FRIDGES ARE IN STORES FOR $2000.=$2699.WAY TO MUCH!!!
	","
  "
http://stlouis.craigslist.org/ppd/3811618410.html,,"
		$649.-$1100.Tons of side by side 3 d or french doors for doors for half price of the big box stores**text or call314-614-7434
	","
  "
http://stlouis.craigslist.org/ppd/3826533886.html,,"
		Washers On Sale starting at $125  ","
  "
http://stlouis.craigslist.org/ppd/3765955956.html,,"
		314-614-7434..text or call best deals in Saint Louis and Saint Charles..314-440-8519%$$$$$699. S!!AND UP!WAY CHEAPER THEN THE BIG STORE
	","
  "
http://stlouis.craigslist.org/ppd/3770059930.html,,"
		Front loaders sets starting at 899 going to 1199.   314-614-7434 or...314-612-0032
	","
  "
http://stlouis.craigslist.org/ppd/3811498454.html,,"
		$649.-$1100.Tons of side by side 3 d or french doors for doors for half price of the big box stores**text or call314-614-7434
	","
  "
http://stlouis.craigslist.org/ppd/3811334820.html,,"
		No membership needed to get great deals on half price appliances top name brand LG Samsung GE 314-612-0032 Used appliances 99 dollars in up! Brand new scratching  and carton damage Damages not noticeable! But 50 percent of the price If you like to save tons of money definitely check us out!
	","
  "
http://stlouis.craigslist.org/ppd/3782058318.html,,"
		Call or Text at 314-612-0032 for appointments.   fridges  New $749-$1100.  Diswasher  s$ 249.-and up! $399.New is half price of anybody box store
	","
  "
http://stlouis.craigslist.org/ppd/3826541315.html,,"
		Top  of  the  line  L.G.  &  Samsung ,,Where ((You)) get  the  B*E*S*T**for**L*E*S*S*","
  "
http://stlouis.craigslist.org/ppd/3826542786.html,,"
		Gas Ranges On Sale starting at $125  ","
  "
http://stlouis.craigslist.org/ppd/3777970583.html,,"
		We have quality name brand appliances washers, dryers, stoves, and refrigerators all starting at $100","
  "
http://stlouis.craigslist.org/ppd/3777967700.html,,"
		WE HAVE A LARGE SELECTION OF APPLIANCES,ALL COLORS SHAPES AND SIZES","
  "
http://stlouis.craigslist.org/ppd/3777955114.html,,"
		We have washers, dryers, stoves, and refrigerators all starting at $100","
  "
http://stlouis.craigslist.org/ppd/3826544627.html,,"
		 CLEARANCE***APPLIANCES~~~50% OFF - $219 (CRAZY CHEAP DEALS~~~EARTH CITY MO.. RIGHT OFF THE HIGHWAY ,EASY ACCESS)","
  "
http://stlouis.craigslist.org/ppd/3777968828.html,,"
		Happy's has Washer & Dryer sets strating at $200 and SxS refrigerators Starting at $250","
  "
http://stlouis.craigslist.org/ppd/3826551020.html,,"
		REFRIGERATORS ,,3 OR 4 DOOR FRENCH SIDE BY SIDES ,,WATER//ICE //LED LIGHTS STARTING @ $799.00 & UP ,,RETAIL IS $3,200.","
  "
http://stlouis.craigslist.org/ppd/3826551683.html,,"
		Electric Dryers On Sale starting at $125  ","
  "
http://stlouis.craigslist.org/ppd/3826558918.html,,"
		Side by Side Refrigerators On Sale starting at $200  ","
  "
http://stlouis.craigslist.org/ppd/3777979179.html,,"
		Happy's has Washer & Dryer sets starting at only $200 and SxS Refrigerators starting at just $300","
  "
http://stlouis.craigslist.org/ppd/3777965994.html,,"
		Happy's has crazy low prices Washers, Dryers, Stove, and Refrigerators all starting at just $100","
  "
http://stlouis.craigslist.org/ppd/3777980209.html,,"
		Happy's has Washer & dryer sets starting at just $200 can you believe it?","
  "
http://stlouis.craigslist.org/ppd/3778035021.html,,"
		WE ARE READY FOR YOU,WE HAVE A LARGE SELECTION OF GREAT APPLIANCES JUST WAITING FOR A HOME LIKE YOURS","
  "
http://stlouis.craigslist.org/ppd/3826569959.html,,"
		Gas Dryers On Sale starting at $125  ","
  "
